"AgeGroup","StdPop","Weight"
"18-24",26258000,0.12881
"25-34",37233000,0.182648
"35-44",44659000,0.219077
"45-64",60991000,0.299194
">=65",34710000,0.170271
