"AgeGroup","StdPop","Weight"
"18-24",26258,0.12881
"25-34",37233,0.182648
"35-44",44659,0.219077
"45-64",60991,0.299194
">=65",34710,0.170271
